generated_question,generated_answer,doc_id,law_title
Các loại hình cơ sở giáo dục mầm non được quy định như thế nào trong Luật Giáo Dục?,"Cơ sở giáo dục mầm non bao gồm: 1. Nhà trẻ, nhóm trẻ độc lập nhận trẻ em từ 03 tháng tuổi đến 03 tuổi; 2. Trường mẫu giáo, lớp mẫu giáo độc lập nhận trẻ em từ 03 tuổi đến 06 tuổi; 3. Trường mầm non, lớp mầm non độc lập là cơ sở giáo dục kết hợp nhà trẻ và mẫu giáo, nhận trẻ em từ 03 tháng tuổi đến 06 tuổi.",a0fcdc5b,Luật Giáo Dục
"Nếu tôi là công dân Việt Nam kết hôn với người nước ngoài và muốn ly hôn, tôi cần làm thủ tục ở đâu?","Việc ly hôn giữa công dân Việt Nam với người nước ngoài, giữa người nước ngoài với nhau thường trú ở Việt Nam được giải quyết tại cơ quan có thẩm quyền của Việt Nam theo quy định của Luật Hôn Nhân Và Gia Đình.",a2a23d08,Luật Hôn Nhân Và Gia Đình
"Khi nào cô, dì, chú, cậu, bác ruột có nghĩa vụ cấp dưỡng cho cháu ruột?","Cô, dì, chú, cậu, bác ruột không sống chung với cháu ruột có nghĩa vụ cấp dưỡng cho cháu trong trường hợp cháu chưa thành niên hoặc cháu đã thành niên không có khả năng lao động và không có tài sản để tự nuôi mình mà không có người khác cấp dưỡng theo quy định của Luật Hôn Nhân Và Gia Đình.",36501b98,Luật Hôn Nhân Và Gia Đình
"Tại nơi có cả biển báo hiệu cố định và báo hiệu tạm thời, người tham gia giao thông phải tuân theo hiệu lệnh nào?",Tại nơi có biển báo hiệu cố định lại có báo hiệu tạm thời thì người tham gia giao thông phải chấp hành hiệu lệnh của báo hiệu tạm thời.,4d5249af,Luật Giao Thông Đường Bộ
Khi nào tôi được phép vượt xe bên phải thay vì bên trái?,Bạn được phép vượt xe bên phải trong các trường hợp sau: 1) Khi xe phía trước có tín hiệu rẽ trái hoặc đang rẽ trái; 2) Khi xe điện đang chạy giữa đường; 3) Khi xe chuyên dùng đang làm việc trên đường mà không thể vượt bên trái được.,7d030583,Luật Giao Thông Đường Bộ
Vợ chồng có thể chấm dứt hiệu lực của việc chia tài sản chung trong thời kỳ hôn nhân không?,"Sau khi chia tài sản chung trong thời kỳ hôn nhân, vợ chồng có quyền thỏa thuận chấm dứt hiệu lực của việc chia tài sản chung. Hình thức của thỏa thuận được thực hiện theo quy định tại khoản 2 Điều 38 của Luật Hôn Nhân Và Gia Đình.",2b6300b7,Luật Hôn Nhân Và Gia Đình
Quyền và nghĩa vụ về nhân thân của vợ chồng được bảo vệ như thế nào theo Luật Hôn Nhân và Gia Đình?,"Quyền, nghĩa vụ về nhân thân của vợ, chồng quy định tại Luật Hôn Nhân và Gia Đình, Bộ luật dân sự và các luật khác có liên quan được tôn trọng và bảo vệ.",64eda91d,Luật Hôn Nhân Và Gia Đình
Chương trình giáo dục mầm non cần đáp ứng những yêu cầu gì theo Luật Giáo Dục?,"Chương trình giáo dục mầm non phải bảo đảm các yêu cầu sau: thể hiện mục tiêu giáo dục mầm non; quy định yêu cầu cần đạt ở mỗi độ tuổi, các hoạt động giáo dục, phương pháp, hình thức tổ chức hoạt động giáo dục, môi trường giáo dục, đánh giá sự phát triển của trẻ em; thống nhất trong cả nước và được tổ chức thực hiện linh hoạt, phù hợp với điều kiện cụ thể của địa phương và cơ sở giáo dục mầm non.",7bbe02ec,Luật Giáo Dục
"Người lái xe khách có được phép chở hành khách trên mui xe hoặc để hành khách đu, bám bên ngoài xe không?","Không, người lái xe khách không được phép chở hành khách trên mui, trong khoang chở hành lý hoặc để hành khách đu, bám bên ngoài xe.",55ac7fd3,Luật Giao Thông Đường Bộ
Nghĩa vụ cấp dưỡng được thực hiện giữa những ai theo Luật Hôn Nhân và Gia Đình?,"Nghĩa vụ cấp dưỡng được thực hiện giữa cha, mẹ và con; giữa anh, chị, em với nhau; giữa ông bà nội, ông bà ngoại và cháu; giữa cô, dì, chú, cậu, bác ruột và cháu ruột; giữa vợ và chồng theo quy định của Luật Hôn Nhân và Gia Đình.",edaf687b,Luật Hôn Nhân Và Gia Đình
Trong trường hợp nào việc chia tài sản chung trong thời kỳ hôn nhân bị coi là vô hiệu?,"Việc chia tài sản chung trong thời kỳ hôn nhân bị vô hiệu khi thuộc một trong các trường hợp sau: 1. Ảnh hưởng nghiêm trọng đến lợi ích của gia đình; quyền, lợi ích hợp pháp của con chưa thành niên, con đã thành niên mất năng lực hành vi dân sự hoặc không có khả năng lao động và không có tài sản để tự nuôi mình; 2. Nhằm trốn tránh thực hiện các nghĩa vụ như nuôi dưỡng, cấp dưỡng, bồi thường thiệt hại, thanh toán khi bị Tòa án tuyên bố phá sản, trả nợ cho cá nhân, tổ chức, nộp thuế hoặc nghĩa vụ tài chính khác đối với Nhà nước, và các nghĩa vụ khác về tài sản theo quy định của Luật Hôn Nhân Và Gia Đình, Bộ luật dân sự và quy định khác của pháp luật có liên quan.",b74bd375,Luật Hôn Nhân Và Gia Đình
"Khi dừng xe, đỗ xe trên đường phố, tôi cần tuân thủ những quy định gì về vị trí đỗ xe?","Khi dừng xe, đỗ xe trên đường phố, bạn phải cho xe dừng, đỗ sát theo lề đường, hè phố phía bên phải theo chiều đi của mình. Bánh xe gần nhất không được cách xa lề đường, hè phố quá 0,25 mét và không được gây cản trở, nguy hiểm cho giao thông. Trường hợp đường phố hẹp, bạn phải dừng xe, đỗ xe ở vị trí cách xe ô tô đang đỗ bên kia đường tối thiểu 20 mét.",0367a752,Luật Giao Thông Đường Bộ
Các thành viên trong gia đình có nghĩa vụ gì khi sống chung?,"Khi sống chung, các thành viên gia đình có nghĩa vụ tham gia công việc gia đình, lao động tạo thu nhập; đóng góp công sức, tiền hoặc tài sản khác để duy trì đời sống chung của gia đình phù hợp với khả năng thực tế của mình.",2e530947,Luật Hôn Nhân Và Gia Đình
"Nếu một người không thể tự quản lý tài sản riêng của mình trong hôn nhân, ai có quyền quản lý tài sản đó?",Trong trường hợp vợ hoặc chồng không thể tự mình quản lý tài sản riêng và cũng không ủy quyền cho người khác quản lý thì bên kia có quyền quản lý tài sản đó. Việc quản lý tài sản phải bảo đảm lợi ích của người có tài sản.,8ce1ad4f,Luật Hôn Nhân Và Gia Đình
"Ông bà nội, ông bà ngoại có nghĩa vụ cấp dưỡng cho cháu trong trường hợp nào?","Ông bà nội, ông bà ngoại không sống chung với cháu có nghĩa vụ cấp dưỡng cho cháu trong trường hợp cháu chưa thành niên hoặc cháu đã thành niên không có khả năng lao động, không có tài sản để tự nuôi mình và không có người cấp dưỡng theo quy định tại Điều 112 của Luật Hôn Nhân Và Gia Đình.",30000d3a,Luật Hôn Nhân Và Gia Đình
"Nếu nam và nữ chung sống với nhau như vợ chồng mà không đăng ký kết hôn, quyền và nghĩa vụ của họ đối với con cái được quy định như thế nào?","Quyền, nghĩa vụ giữa nam, nữ chung sống với nhau như vợ chồng và con được giải quyết theo quy định của Luật Hôn Nhân Và Gia Đình về quyền, nghĩa vụ của cha mẹ và con.",ddb4c799,Luật Hôn Nhân Và Gia Đình
"Khi muốn chuyển hướng xe, người điều khiển phương tiện cần tuân thủ những quy định gì?","Khi muốn chuyển hướng, người điều khiển phương tiện phải giảm tốc độ và có tín hiệu báo hướng rẽ. Trong khi chuyển hướng, người lái xe phải nhường quyền đi trước cho người đi bộ, người đi xe đạp đang đi trên phần đường dành riêng cho họ, nhường đường cho các xe đi ngược chiều và chỉ cho xe chuyển hướng khi quan sát thấy không gây trở ngại hoặc nguy hiểm cho người và phương tiện khác.",4fde6f0d,Luật Giao Thông Đường Bộ
"Cha mẹ có nghĩa vụ và quyền chăm sóc, nuôi dưỡng con như thế nào theo Luật Hôn Nhân Và Gia Đình?","Theo Luật Hôn Nhân Và Gia Đình, cha mẹ có nghĩa vụ và quyền ngang nhau, cùng nhau chăm sóc, nuôi dưỡng con chưa thành niên, con đã thành niên mất năng lực hành vi dân sự hoặc không có khả năng lao động và không có tài sản để tự nuôi mình.",3df2d127,Luật Hôn Nhân Và Gia Đình
"Tôi 18 tuổi, tôi có được lái xe ô tô chở người đến 9 chỗ ngồi không?","Theo quy định của Luật Giao Thông Đường Bộ, người đủ 18 tuổi trở lên được lái xe ô tô chở người đến 9 chỗ ngồi. Do đó, bạn đủ tuổi để lái loại xe này.",913967dc,Luật Giao Thông Đường Bộ
Thỏa thuận về mang thai hộ vì mục đích nhân đạo cần bao gồm những nội dung gì?,"Thỏa thuận về mang thai hộ vì mục đích nhân đạo cần bao gồm các nội dung cơ bản sau: thông tin đầy đủ về bên nhờ mang thai hộ và bên mang thai hộ, cam kết thực hiện các quyền và nghĩa vụ theo quy định, việc giải quyết hậu quả trong trường hợp có tai biến sản khoa, hỗ trợ bảo đảm sức khỏe sinh sản cho người mang thai hộ, việc nhận con của bên nhờ mang thai hộ, quyền và nghĩa vụ của hai bên đối với con, và trách nhiệm dân sự trong trường hợp vi phạm cam kết.",bd9fb543,Luật Hôn Nhân Và Gia Đình
"Nếu một công dân Việt Nam kết hôn với người nước ngoài tại Việt Nam, họ cần tuân theo những quy định pháp luật nào?","Trong việc kết hôn giữa công dân Việt Nam với người nước ngoài, mỗi bên phải tuân theo pháp luật của nước mình về điều kiện kết hôn. Nếu việc kết hôn được tiến hành tại cơ quan nhà nước có thẩm quyền của Việt Nam, người nước ngoài còn phải tuân theo các quy định của Luật Hôn Nhân Và Gia Đình Việt Nam về điều kiện kết hôn.",3d54654f,Luật Hôn Nhân Và Gia Đình
Luật Hôn Nhân Và Gia Đình được thông qua vào thời gian nào và bởi cơ quan nào?,"Luật Hôn Nhân Và Gia Đình đã được Quốc hội nước Cộng hòa xã hội chủ nghĩa Việt Nam khóa XIII, kỳ họp thứ 7 thông qua ngày 19 tháng 6 năm 2014.",eff71113,Luật Hôn Nhân Và Gia Đình
Nội dung giáo dục mầm non cần đảm bảo những yêu cầu gì theo Luật Giáo Dục?,"Nội dung giáo dục mầm non phải bảo đảm phù hợp với sự phát triển tâm sinh lý của trẻ em; hài hòa giữa bảo vệ, chăm sóc, nuôi dưỡng với giáo dục trẻ em; phát triển toàn diện về thể chất, tình cảm, kỹ năng xã hội, trí tuệ, thẩm mỹ; tôn trọng sự khác biệt; phù hợp với các độ tuổi và liên thông với giáo dục tiểu học.",60d219bb,Luật Giáo Dục
"Khi nào quyền và nghĩa vụ của cha nuôi, mẹ nuôi với con nuôi chấm dứt?","Quyền và nghĩa vụ của cha nuôi, mẹ nuôi với con nuôi chấm dứt kể từ ngày quyết định của Tòa án về việc chấm dứt nuôi con nuôi có hiệu lực pháp luật.",094280f6,Luật Hôn Nhân Và Gia Đình
"Khi đến gần đường giao nhau không có báo hiệu đi theo vòng xuyến, tôi phải nhường đường như thế nào?","Tại nơi đường giao nhau không có báo hiệu đi theo vòng xuyến, bạn phải nhường đường cho xe đi đến từ bên phải.",2c8ddb11,Luật Giao Thông Đường Bộ
Mục tiêu của giáo dục đại học theo Luật Giáo Dục là gì?,"Mục tiêu của giáo dục đại học bao gồm đào tạo nhân lực trình độ cao, nâng cao dân trí, bồi dưỡng nhân tài; nghiên cứu khoa học và công nghệ tạo ra tri thức, sản phẩm mới phục vụ phát triển kinh tế - xã hội, bảo đảm quốc phòng, an ninh, hội nhập quốc tế. Đồng thời, giáo dục đại học hướng đến đào tạo người học phát triển toàn diện về đức, trí, thể, mỹ; có tri thức, kỹ năng, trách nhiệm nghề nghiệp; có khả năng nắm bắt tiến bộ khoa học và công nghệ, tự học, sáng tạo, thích nghi với môi trường làm việc; có tinh thần lập nghiệp và ý thức phục vụ Nhân dân.",00640fda,Luật Giáo Dục
Người mang thai hộ có được hưởng chế độ thai sản không và thời gian hưởng là bao lâu?,Người mang thai hộ được hưởng chế độ thai sản theo quy định của pháp luật về lao động và bảo hiểm xã hội cho đến thời điểm giao đứa trẻ cho bên nhờ mang thai hộ. Trong trường hợp kể từ ngày sinh đến thời điểm giao đứa trẻ mà thời gian hưởng chế độ thai sản chưa đủ 60 ngày thì người mang thai hộ vẫn được hưởng chế độ thai sản cho đến khi đủ 60 ngày.,36d186a0,Luật Hôn Nhân Và Gia Đình
Vợ chồng có thể thay đổi thỏa thuận về chế độ tài sản của mình không?,"Vợ chồng có quyền sửa đổi, bổ sung thỏa thuận về chế độ tài sản. Hình thức sửa đổi, bổ sung nội dung của thỏa thuận về chế độ tài sản được áp dụng theo quy định tại Điều 47 của Luật Hôn Nhân Và Gia Đình.",b33cdce7,Luật Hôn Nhân Và Gia Đình
Vợ hoặc chồng có phải chịu trách nhiệm về các nghĩa vụ tài sản riêng của mình không?,"Vợ, chồng có các nghĩa vụ riêng về tài sản sau đây: 1. Nghĩa vụ của mỗi bên vợ, chồng có trước khi kết hôn; 2. Nghĩa vụ phát sinh từ việc chiếm hữu, sử dụng, định đoạt tài sản riêng, trừ trường hợp nghĩa vụ phát sinh trong việc bảo quản, duy trì, tu sửa tài sản riêng của vợ, chồng theo quy định tại khoản 4 Điều 44 hoặc quy định tại khoản 4 Điều 37 của Luật này; 3. Nghĩa vụ phát sinh từ giao dịch do một bên xác lập, thực hiện không vì nhu cầu của gia đình; 4. Nghĩa vụ phát sinh từ hành vi vi phạm pháp luật của vợ, chồng.",6a1cc6bc,Luật Hôn Nhân Và Gia Đình
Giáo dục đại học tại Việt Nam đào tạo những trình độ nào?,"Giáo dục đại học đào tạo trình độ đại học, trình độ thạc sĩ, trình độ tiến sĩ.",e66c485e,Luật Giáo Dục
Trường giáo dưỡng có nhiệm vụ gì đối với người chưa thành niên vi phạm pháp luật?,"Trường giáo dưỡng có nhiệm vụ giáo dục người chưa thành niên vi phạm pháp luật để đối tượng này rèn luyện, phát triển lành mạnh, trở thành người lương thiện, có khả năng tái hòa nhập vào đời sống xã hội.",3308ef92,Luật Giáo Dục
Những đối tượng nào được coi là người học theo Luật Giáo Dục?,"Người học là người đang học tập tại cơ sở giáo dục trong hệ thống giáo dục quốc dân, bao gồm: trẻ em của cơ sở giáo dục mầm non; học sinh của cơ sở giáo dục phổ thông, lớp đào tạo nghề, trung tâm giáo dục nghề nghiệp - giáo dục thường xuyên, trung tâm giáo dục nghề nghiệp, trường trung cấp, trường dự bị đại học; sinh viên của trường cao đẳng, trường đại học; học viên của cơ sở đào tạo thạc sĩ; nghiên cứu sinh của cơ sở đào tạo tiến sĩ; và học viên theo học chương trình giáo dục thường xuyên.",d8d5b7a5,Luật Giáo Dục
"Khi vận chuyển động vật sống trên đường, người thuê vận tải cần tuân thủ những quy định gì?","Khi vận chuyển động vật sống trên đường, người thuê vận tải cần tuân thủ các quy định của pháp luật về vệ sinh, phòng dịch và bảo vệ môi trường. Ngoài ra, người thuê vận tải phải chịu trách nhiệm về việc xếp, dỡ động vật sống theo hướng dẫn của người kinh doanh vận tải. Nếu không thực hiện được, người thuê vận tải phải trả cước, phí xếp, dỡ cho người kinh doanh vận tải.",e287b488,Luật Giao Thông Đường Bộ
Trong trường hợp nào Tòa án sẽ giải quyết cho ly hôn theo yêu cầu của một bên?,"Tòa án sẽ giải quyết cho ly hôn nếu có căn cứ về việc vợ hoặc chồng có hành vi bạo lực gia đình hoặc vi phạm nghiêm trọng quyền, nghĩa vụ của vợ, chồng làm cho hôn nhân lâm vào tình trạng trầm trọng, đời sống chung không thể kéo dài, mục đích của hôn nhân không đạt được. Ngoài ra, trong trường hợp vợ hoặc chồng của người bị Tòa án tuyên bố mất tích yêu cầu ly hôn, Tòa án cũng sẽ giải quyết cho ly hôn.",63501459,Luật Hôn Nhân Và Gia Đình
Ngôn ngữ chính thức được sử dụng trong các cơ sở giáo dục ở Việt Nam là gì?,"Tiếng Việt là ngôn ngữ chính thức dùng trong cơ sở giáo dục. Tuy nhiên, căn cứ vào mục tiêu giáo dục và yêu cầu cụ thể về nội dung giáo dục, Chính phủ có thể quy định việc dạy và học bằng tiếng nước ngoài trong cơ sở giáo dục.",1095c99a,Luật Giáo Dục
Người kinh doanh vận tải hành khách có quyền từ chối vận chuyển hành khách trong trường hợp nào?,"Người kinh doanh vận tải hành khách có quyền từ chối vận chuyển trước khi phương tiện rời bến xe, rời vị trí đón, trả hành khách theo hợp đồng vận chuyển những người đã có vé hoặc người trong danh sách hợp đồng có hành vi gây rối trật tự công cộng, gây cản trở công việc của người kinh doanh vận tải, ảnh hưởng đến sức khoẻ, tài sản của người khác, gian lận vé hoặc hành khách đang bị dịch bệnh nguy hiểm.",fc2fbd8d,Luật Giao Thông Đường Bộ
"Khi ly hôn, nếu một bên gặp khó khăn tài chính, bên kia có nghĩa vụ cấp dưỡng không?","Khi ly hôn, nếu bên khó khăn, túng thiếu có yêu cầu cấp dưỡng và có lý do chính đáng, bên kia có nghĩa vụ cấp dưỡng theo khả năng của mình.",98aefc90,Luật Hôn Nhân Và Gia Đình
"Khi ly hôn, quyền và nghĩa vụ tài sản của vợ chồng đối với người thứ ba có còn hiệu lực không?","Quyền, nghĩa vụ tài sản của vợ chồng đối với người thứ ba vẫn có hiệu lực sau khi ly hôn, trừ trường hợp vợ chồng và người thứ ba có thỏa thuận khác.",c1d63340,Luật Hôn Nhân Và Gia Đình
Tôi cần làm gì khi gặp đèn tín hiệu màu đỏ và rào chắn đang đóng tại nơi đường bộ giao nhau cùng mức với đường sắt?,"Khi đèn tín hiệu màu đỏ đã bật sáng, có tiếng chuông báo hiệu, rào chắn đang dịch chuyển hoặc đã đóng, người tham gia giao thông đường bộ phải dừng lại phía phần đường của mình và cách rào chắn một khoảng cách an toàn. Khi đèn tín hiệu đã tắt, rào chắn mở hết, tiếng chuông báo hiệu ngừng, bạn mới được đi qua.",aafaff10,Luật Giao Thông Đường Bộ
"Khi một người vợ hoặc chồng chết, ai sẽ quản lý tài sản chung của vợ chồng?","Khi một bên vợ hoặc chồng chết hoặc bị Tòa án tuyên bố là đã chết, bên còn sống sẽ quản lý tài sản chung của vợ chồng, trừ trường hợp trong di chúc có chỉ định người khác quản lý di sản hoặc những người thừa kế thỏa thuận cử người khác quản lý di sản.",145c53b2,Luật Hôn Nhân Và Gia Đình
Ai là người chịu trách nhiệm tổ chức giao thông trên hệ thống quốc lộ theo Luật Giao Thông Đường Bộ?,Bộ trưởng Bộ Giao thông vận tải chịu trách nhiệm tổ chức giao thông trên hệ thống quốc lộ.,ca9492b0,Luật Giao Thông Đường Bộ
Trong trường hợp nào cha mẹ bị hạn chế quyền đối với con chưa thành niên theo Luật Hôn Nhân và Gia Đình?,"Cha, mẹ bị hạn chế quyền đối với con chưa thành niên trong các trường hợp sau: a) Bị kết án về một trong các tội xâm phạm tính mạng, sức khỏe, nhân phẩm, danh dự của con với lỗi cố ý hoặc có hành vi vi phạm nghiêm trọng nghĩa vụ trông nom, chăm sóc, nuôi dưỡng, giáo dục con; b) Phá tán tài sản của con; c) Có lối sống đồi trụy; d) Xúi giục, ép buộc con làm những việc trái pháp luật, trái đạo đức xã hội.",f85a0fdc,Luật Hôn Nhân Và Gia Đình
"Nếu tôi muốn yêu cầu cấp dưỡng từ người thân đang sống ở nước ngoài, luật nào sẽ được áp dụng?",Nghĩa vụ cấp dưỡng tuân theo pháp luật của nước nơi người yêu cầu cấp dưỡng cư trú. Trường hợp người yêu cầu cấp dưỡng không có nơi cư trú tại Việt Nam thì áp dụng pháp luật của nước nơi người yêu cầu cấp dưỡng là công dân.,fddfb9a0,Luật Hôn Nhân Và Gia Đình
"Nếu vợ chồng sống chung với gia đình và ly hôn, nhưng không xác định được tài sản riêng của họ trong khối tài sản chung, thì việc chia tài sản sẽ được giải quyết như thế nào?","Trong trường hợp vợ chồng sống chung với gia đình mà ly hôn, nếu tài sản của vợ chồng trong khối tài sản chung của gia đình không xác định được, vợ hoặc chồng được chia một phần trong khối tài sản chung của gia đình căn cứ vào công sức đóng góp của họ vào việc tạo lập, duy trì, phát triển khối tài sản chung cũng như vào đời sống chung của gia đình. Việc chia tài sản do vợ chồng thỏa thuận với gia đình; nếu không thỏa thuận được thì yêu cầu Tòa án giải quyết.",2067f1b4,Luật Hôn Nhân Và Gia Đình
Vợ chồng có nghĩa vụ gì khi tài sản chung không đủ để đáp ứng nhu cầu thiết yếu của gia đình?,"Trong trường hợp vợ chồng không có tài sản chung hoặc tài sản chung không đủ để đáp ứng nhu cầu thiết yếu của gia đình, vợ chồng có nghĩa vụ đóng góp tài sản riêng theo khả năng kinh tế của mỗi bên.",b4d84fed,Luật Hôn Nhân Và Gia Đình
Giáo dục thường xuyên có nhiệm vụ gì đối với người dân?,"Giáo dục thường xuyên có nhiệm vụ thực hiện xóa mù chữ cho người trong độ tuổi theo quy định của pháp luật, đào tạo, bồi dưỡng nâng cao năng lực làm việc, cập nhật, bổ sung kiến thức, kỹ năng cần thiết trong cuộc sống cho mọi người, và tạo cơ hội cho người có nhu cầu học tập nâng cao trình độ học vấn.",c8eab58e,Luật Giáo Dục
Kinh doanh vận tải hành khách bằng xe ô tô bao gồm những loại hình nào?,"Kinh doanh vận tải hành khách bằng xe ô tô bao gồm: kinh doanh vận tải hành khách theo tuyến cố định, kinh doanh vận tải hành khách bằng xe buýt theo tuyến cố định, kinh doanh vận tải hành khách bằng xe taxi, kinh doanh vận tải hành khách theo hợp đồng không theo tuyến cố định, và kinh doanh vận tải khách du lịch theo tuyến, chương trình và địa điểm du lịch.",e3ef6bec,Luật Giao Thông Đường Bộ
Nhà đầu tư trong lĩnh vực giáo dục bao gồm những đối tượng nào?,"Nhà đầu tư trong lĩnh vực giáo dục bao gồm: a) Nhà đầu tư trong nước là cá nhân có quốc tịch Việt Nam, tổ chức được thành lập theo pháp luật Việt Nam; b) Nhà đầu tư nước ngoài là cá nhân có quốc tịch nước ngoài, tổ chức thành lập theo pháp luật nước ngoài.",95354c8a,Luật Giáo Dục
Trẻ em tại cơ sở giáo dục mầm non có những quyền gì theo Luật Giáo Dục?,"Trẻ em tại cơ sở giáo dục mầm non có các quyền sau: được chăm sóc, nuôi dưỡng, giáo dục theo chương trình giáo dục mầm non do Bộ trưởng Bộ Giáo dục và Đào tạo ban hành; được chăm sóc sức khỏe và bảo vệ theo quy định của Luật Trẻ em và các quy định khác của pháp luật có liên quan; được miễn, giảm giá vé đối với các dịch vụ vui chơi, giải trí công cộng.",8aed8c41,Luật Giáo Dục
Ai là người chịu trách nhiệm phê duyệt sách giáo khoa để sử dụng trong các cơ sở giáo dục phổ thông?,Bộ trưởng Bộ Giáo dục và Đào tạo chịu trách nhiệm về sách giáo khoa giáo dục phổ thông và phê duyệt sách giáo khoa để sử dụng trong cơ sở giáo dục phổ thông sau khi được Hội đồng quốc gia thẩm định sách giáo khoa thẩm định.,f93b7fdb,Luật Giáo Dục
Nhà nước có chính sách ưu tiên đầu tư cho giáo dục ở những khu vực nào?,"Nhà nước ưu tiên đầu tư cho phổ cập giáo dục, phát triển giáo dục ở miền núi, hải đảo, vùng đồng bào dân tộc thiểu số, vùng có điều kiện kinh tế - xã hội đặc biệt khó khăn, địa bàn có khu công nghiệp.",73d171d2,Luật Giáo Dục
"Nếu vợ hoặc chồng đứng tên tài khoản ngân hàng hoặc tài khoản chứng khoán, họ có quyền thực hiện giao dịch liên quan đến tài sản đó không?","Theo Luật Hôn Nhân Và Gia Đình, trong giao dịch với người thứ ba ngay tình, vợ hoặc chồng là người đứng tên tài khoản ngân hàng, tài khoản chứng khoán được coi là người có quyền xác lập, thực hiện giao dịch liên quan đến tài sản đó.",f57e49dc,Luật Hôn Nhân Và Gia Đình
Ai có quyền yêu cầu Tòa án hủy việc kết hôn trái pháp luật?,"Theo Luật Hôn Nhân Và Gia Đình, người bị cưỡng ép kết hôn, bị lừa dối kết hôn có quyền tự mình yêu cầu hoặc đề nghị cá nhân, tổ chức như vợ, chồng, cha, mẹ, con, người giám hộ, cơ quan quản lý nhà nước về gia đình, cơ quan quản lý nhà nước về trẻ em, Hội liên hiệp phụ nữ yêu cầu Tòa án hủy việc kết hôn trái pháp luật.",6acc6cf8,Luật Hôn Nhân Và Gia Đình
"Nếu vợ hoặc chồng muốn đưa tài sản chung vào kinh doanh, họ cần làm gì để đảm bảo hợp pháp?","Trong trường hợp vợ chồng có thỏa thuận về việc một bên đưa tài sản chung vào kinh doanh, thỏa thuận này phải được lập thành văn bản. Người được thỏa thuận có quyền tự mình thực hiện giao dịch liên quan đến tài sản chung đó.",547a5091,Luật Hôn Nhân Và Gia Đình
"Khi hai xe đi ngược chiều trên đường không phân chia thành hai chiều xe chạy riêng biệt, tôi cần làm gì để tránh nhau?","Khi hai xe đi ngược chiều trên đường không phân chia thành hai chiều xe chạy riêng biệt, người điều khiển phải giảm tốc độ và cho xe đi về bên phải theo chiều xe chạy của mình.",0ed53793,Luật Giao Thông Đường Bộ
Nhà nước có những chính sách gì để bảo vệ hôn nhân và gia đình?,"Nhà nước có chính sách, biện pháp bảo hộ hôn nhân và gia đình, tạo điều kiện để nam, nữ xác lập hôn nhân tự nguyện, tiến bộ, một vợ một chồng, vợ chồng bình đẳng; xây dựng gia đình ấm no, tiến bộ, hạnh phúc và thực hiện đầy đủ chức năng của mình. Nhà nước cũng tăng cường tuyên truyền, phổ biến, giáo dục pháp luật về hôn nhân và gia đình, vận động nhân dân xóa bỏ phong tục, tập quán lạc hậu và phát huy truyền thống, phong tục, tập quán tốt đẹp thể hiện bản sắc của mỗi dân tộc.",673a834b,Luật Hôn Nhân Và Gia Đình
"Trong trường hợp nào thì anh, chị có nghĩa vụ cấp dưỡng cho em mình theo Luật Hôn Nhân và Gia Đình?","Theo Luật Hôn Nhân và Gia Đình, anh, chị đã thành niên không sống chung với em có nghĩa vụ cấp dưỡng cho em chưa thành niên không có tài sản để tự nuôi mình hoặc em đã thành niên không có khả năng lao động và không có tài sản để tự nuôi mình trong trường hợp không còn cha mẹ hoặc cha mẹ không có khả năng lao động và không có tài sản để cấp dưỡng cho con.",a114ebfe,Luật Hôn Nhân Và Gia Đình
"Trường hợp nào cần phải đến Tòa án để xác định cha, mẹ, con có yếu tố nước ngoài?","Tòa án có thẩm quyền của Việt Nam giải quyết việc xác định cha, mẹ, con có yếu tố nước ngoài đối với các trường hợp quy định tại khoản 2 Điều 88, Điều 89, Điều 90, khoản 1, khoản 5 Điều 97, khoản 3, khoản 5 Điều 98 và Điều 99 của Luật Hôn Nhân Và Gia Đình; các trường hợp khác có tranh chấp.",3136fc57,Luật Hôn Nhân Và Gia Đình
Cha mẹ có phải bồi thường thiệt hại do con cái gây ra không?,"Theo Luật Hôn Nhân Và Gia Đình, cha mẹ phải bồi thường thiệt hại do con chưa thành niên hoặc con đã thành niên nhưng mất năng lực hành vi dân sự gây ra, theo quy định của Bộ luật dân sự.",227bb762,Luật Hôn Nhân Và Gia Đình
"Học sinh, sinh viên có được hưởng chế độ miễn, giảm giá vé khi sử dụng dịch vụ công cộng không?","Học sinh, sinh viên được hưởng chế độ miễn, giảm giá vé khi sử dụng các dịch vụ công cộng về giao thông, giải trí, tham quan viện bảo tàng, di tích lịch sử, công trình văn hóa theo quy định của Chính phủ.",c5813216,Luật Giáo Dục
Trường hợp nào nhà trường có thể bị đình chỉ hoạt động giáo dục?,Nhà trường có thể bị đình chỉ hoạt động giáo dục trong các trường hợp sau: 1) Có hành vi gian lận để được cho phép hoạt động giáo dục; 2) Không bảo đảm một trong các điều kiện quy định tại khoản 2 Điều 49 của Luật Giáo Dục; 3) Người cho phép hoạt động giáo dục không đúng thẩm quyền; 4) Không triển khai hoạt động giáo dục trong thời hạn quy định kể từ ngày được phép hoạt động giáo dục; 5) Vi phạm quy định của pháp luật về giáo dục bị xử phạt vi phạm hành chính ở mức độ phải đình chỉ; 6) Trường hợp khác theo quy định của pháp luật.,4751dc48,Luật Giáo Dục
Người đi bộ phải đi ở đâu khi đường không có hè phố hoặc lề đường?,"Trường hợp đường không có hè phố, lề đường thì người đi bộ phải đi sát mép đường.",18b2ecf6,Luật Giao Thông Đường Bộ
Liên thông trong giáo dục là gì và người học có phải học lại kiến thức đã tích lũy không?,"Liên thông trong giáo dục là việc sử dụng kết quả học tập đã có để học tiếp ở các cấp học, trình độ khác cùng ngành, nghề đào tạo hoặc khi chuyển sang ngành, nghề đào tạo, hình thức giáo dục và trình độ đào tạo khác phù hợp với yêu cầu nội dung tương ứng. Người học không phải học lại kiến thức và kỹ năng đã tích lũy ở các chương trình giáo dục trước đó.",8152392a,Luật Giáo Dục
"Nếu hai người kết hôn trái pháp luật nhưng sau đó đã đủ điều kiện kết hôn, Tòa án sẽ xử lý như thế nào?","Trong trường hợp tại thời điểm Tòa án giải quyết yêu cầu hủy việc kết hôn trái pháp luật mà cả hai bên kết hôn đã có đủ các điều kiện kết hôn theo quy định tại Điều 8 của Luật Hôn Nhân Và Gia Đình và hai bên yêu cầu công nhận quan hệ hôn nhân, Tòa án sẽ công nhận quan hệ hôn nhân đó. Quan hệ hôn nhân được xác lập từ thời điểm các bên đủ điều kiện kết hôn theo quy định của Luật này.",daa1dccc,Luật Hôn Nhân Và Gia Đình
"Nếu nam và nữ chung sống với nhau như vợ chồng mà không đăng ký kết hôn, họ có quyền và nghĩa vụ giống như vợ chồng hợp pháp không?","Nam, nữ có đủ điều kiện kết hôn theo quy định của Luật Hôn Nhân Và Gia Đình chung sống với nhau như vợ chồng mà không đăng ký kết hôn thì không làm phát sinh quyền, nghĩa vụ giữa vợ và chồng. Quyền, nghĩa vụ đối với con, tài sản, nghĩa vụ và hợp đồng giữa các bên được giải quyết theo quy định tại Điều 15 và Điều 16 của Luật này.",5d674582,Luật Hôn Nhân Và Gia Đình
Tôi muốn nhập tài sản riêng của mình vào tài sản chung với vợ/chồng thì cần làm thế nào?,"Việc nhập tài sản riêng của vợ, chồng vào tài sản chung được thực hiện theo thỏa thuận của vợ chồng. Nếu tài sản đó thuộc loại mà pháp luật quy định giao dịch liên quan phải tuân theo hình thức nhất định, thì thỏa thuận nhập tài sản cũng phải đảm bảo hình thức đó.",146451b7,Luật Hôn Nhân Và Gia Đình
Chương trình giáo dục phổ thông có những yêu cầu gì để đảm bảo chất lượng giáo dục?,"Chương trình giáo dục phổ thông phải bảo đảm các yêu cầu sau: thể hiện mục tiêu giáo dục phổ thông; quy định yêu cầu về phẩm chất và năng lực của học sinh cần đạt được sau mỗi cấp học, nội dung giáo dục bắt buộc đối với tất cả học sinh trong cả nước; quy định phương pháp, hình thức tổ chức hoạt động giáo dục và đánh giá kết quả giáo dục đối với các môn học ở mỗi lớp, mỗi cấp học; thống nhất trong cả nước và được tổ chức thực hiện linh hoạt, phù hợp với điều kiện cụ thể của địa phương và cơ sở giáo dục phổ thông; được lấy ý kiến rộng rãi các tổ chức, cá nhân và thực nghiệm trước khi ban hành; được công bố công khai sau khi ban hành.",7635a3db,Luật Giáo Dục
"Nếu một đứa trẻ được sinh ra trong vòng 300 ngày sau khi cha mẹ ly hôn, đứa trẻ đó có được coi là con chung của vợ chồng không?","Theo Luật Hôn Nhân Và Gia Đình, con được sinh ra trong thời hạn 300 ngày kể từ thời điểm chấm dứt hôn nhân được coi là con do người vợ có thai trong thời kỳ hôn nhân và là con chung của vợ chồng.",88843b74,Luật Hôn Nhân Và Gia Đình
Nhà trường cần đáp ứng những điều kiện gì để được phép hoạt động giáo dục?,"Nhà trường được phép hoạt động giáo dục khi đáp ứng đủ các điều kiện sau: có đất đai, cơ sở vật chất, thiết bị đáp ứng yêu cầu hoạt động giáo dục; có chương trình giáo dục và tài liệu giảng dạy, học tập phù hợp với mỗi cấp học, trình độ đào tạo; có đội ngũ nhà giáo và cán bộ quản lý đạt tiêu chuẩn, đủ về số lượng, đồng bộ về cơ cấu; có đủ nguồn lực tài chính để bảo đảm duy trì và phát triển hoạt động giáo dục; và có quy chế tổ chức và hoạt động của nhà trường.",be76406b,Luật Giáo Dục
Con cái có những quyền gì khi sống chung với cha mẹ theo Luật Hôn Nhân Và Gia Đình?,"Con cái có quyền sống chung với cha mẹ, được cha mẹ trông nom, nuôi dưỡng, chăm sóc. Con đã thành niên có quyền tự do lựa chọn nghề nghiệp, nơi cư trú, học tập, nâng cao trình độ văn hóa, chuyên môn, nghiệp vụ; tham gia hoạt động chính trị, kinh tế, văn hóa, xã hội theo nguyện vọng và khả năng của mình. Khi sống cùng với cha mẹ, con có nghĩa vụ tham gia công việc gia đình, lao động, sản xuất, tạo thu nhập nhằm bảo đảm đời sống chung của gia đình; đóng góp thu nhập vào việc đáp ứng nhu cầu của gia đình phù hợp với khả năng của mình.",646f4add,Luật Hôn Nhân Và Gia Đình
Điều lệ nhà trường bao gồm những nội dung chính nào?,"Điều lệ nhà trường bao gồm các nội dung chính như: nhiệm vụ và quyền hạn của nhà trường, tổ chức hoạt động giáo dục trong nhà trường, nhiệm vụ và quyền của nhà giáo, nhiệm vụ và quyền của người học, tổ chức và quản lý nhà trường, tài chính và tài sản của nhà trường, và quan hệ giữa nhà trường, gia đình và xã hội.",266ff403,Luật Giáo Dục
"Những hình thức hợp tác, đầu tư của nước ngoài về giáo dục tại Việt Nam bao gồm những gì?","Các hình thức hợp tác, đầu tư của nước ngoài về giáo dục tại Việt Nam bao gồm: liên kết giáo dục, đào tạo; thành lập văn phòng đại diện; thành lập phân hiệu; thành lập cơ sở giáo dục; và các hình thức hợp tác, đầu tư khác.",6e20e083,Luật Giáo Dục
"Khi vợ chồng muốn định đoạt tài sản chung như bất động sản hoặc động sản phải đăng ký quyền sở hữu, họ cần làm gì theo quy định của Luật Hôn Nhân Và Gia Đình?","Theo Luật Hôn Nhân Và Gia Đình, việc định đoạt tài sản chung như bất động sản hoặc động sản phải đăng ký quyền sở hữu cần có sự thỏa thuận bằng văn bản của vợ chồng.",6bebc96e,Luật Hôn Nhân Và Gia Đình
Vợ chồng có nghĩa vụ gì trong việc bảo vệ danh dự và nhân phẩm của nhau theo Luật Hôn Nhân và Gia Đình?,"Vợ, chồng có nghĩa vụ tôn trọng, giữ gìn và bảo vệ danh dự, nhân phẩm, uy tín cho nhau.",8246899f,Luật Hôn Nhân Và Gia Đình
Những cơ sở giáo dục nào được phép đào tạo và bồi dưỡng nhà giáo?,"Các cơ sở giáo dục được phép đào tạo và bồi dưỡng nhà giáo bao gồm trường sư phạm, cơ sở giáo dục có khoa sư phạm, và các cơ sở giáo dục được phép đào tạo, bồi dưỡng nhà giáo.",3d81e63a,Luật Giáo Dục
Những loại sản phẩm nào liên quan đến giáo dục được hưởng ưu đãi về thuế theo Luật Giáo Dục?,"Theo Luật Giáo Dục, các sản phẩm được hưởng ưu đãi về thuế bao gồm sách giáo khoa, giáo trình, tài liệu dạy học; thiết bị dạy học, đồ chơi cho trẻ em trong cơ sở giáo dục mầm non; và các sách, báo, tài liệu giảng dạy, học tập, thiết bị dạy học, thiết bị nghiên cứu nhập khẩu dùng trong cơ sở giáo dục.",149f303c,Luật Giáo Dục
Nhà giáo có những nhiệm vụ gì theo Luật Giáo Dục?,"Theo Luật Giáo Dục, nhà giáo có các nhiệm vụ sau: 1. Giảng dạy, giáo dục theo mục tiêu, nguyên lý giáo dục, thực hiện đầy đủ và có chất lượng chương trình giáo dục. 2. Gương mẫu thực hiện nghĩa vụ công dân, điều lệ nhà trường, quy tắc ứng xử của nhà giáo. 3. Giữ gìn phẩm chất, uy tín, danh dự của nhà giáo; tôn trọng, đối xử công bằng với người học; bảo vệ các quyền, lợi ích chính đáng của người học. 4. Học tập, rèn luyện để nâng cao phẩm chất đạo đức, trình độ chính trị, chuyên môn, nghiệp vụ, đổi mới phương pháp giảng dạy, nêu gương tốt cho người học.",115e68df,Luật Giáo Dục
Người lái xe và nhân viên phục vụ trên xe ô tô vận tải hành khách có những trách nhiệm gì để đảm bảo an toàn cho hành khách?,"Người lái xe và nhân viên phục vụ trên xe ô tô vận tải hành khách có các trách nhiệm sau: 1. Kiểm tra các điều kiện bảo đảm an toàn của xe trước khi khởi hành. 2. Có thái độ văn minh, lịch sự, hướng dẫn hành khách ngồi đúng nơi quy định. 3. Kiểm tra việc sắp xếp, chằng buộc hành lý, hàng hóa bảo đảm an toàn. 4. Có biện pháp bảo vệ tính mạng, sức khỏe, tài sản của hành khách đi xe, giữ gìn trật tự, vệ sinh trong xe. 5. Đóng cửa lên xuống của xe trước và trong khi xe chạy.",9004be5b,Luật Giao Thông Đường Bộ
Những loại xe nào được ưu tiên đi trước khi qua đường giao nhau?,"Theo Luật Giao Thông Đường Bộ, các loại xe được ưu tiên đi trước khi qua đường giao nhau bao gồm: xe chữa cháy đi làm nhiệm vụ; xe quân sự, xe công an đi làm nhiệm vụ khẩn cấp, đoàn xe có xe cảnh sát dẫn đường; xe cứu thương đang thực hiện nhiệm vụ cấp cứu; xe hộ đê, xe đi làm nhiệm vụ khắc phục sự cố thiên tai, dịch bệnh hoặc xe đi làm nhiệm vụ trong tình trạng khẩn cấp theo quy định của pháp luật; và đoàn xe tang.",c0f9feda,Luật Giao Thông Đường Bộ
Luật Giao Thông Đường Bộ hiện tại có hiệu lực từ khi nào và thay thế luật nào?,Luật Giao Thông Đường Bộ hiện tại có hiệu lực thi hành từ ngày 01 tháng 7 năm 2009 và thay thế Luật giao thông đường bộ ngày 29 tháng 6 năm 2001.,0c561b01,Luật Giao Thông Đường Bộ
Vợ và chồng có quyền bình đẳng như thế nào trong việc quản lý tài sản chung?,"Vợ và chồng bình đẳng với nhau về quyền, nghĩa vụ trong việc tạo lập, chiếm hữu, sử dụng, định đoạt tài sản chung; không phân biệt giữa lao động trong gia đình và lao động có thu nhập.",65242f61,Luật Hôn Nhân Và Gia Đình
Ai là đối tượng được hưởng chế độ cử tuyển theo Luật Giáo Dục?,"Đối tượng được hưởng chế độ cử tuyển bao gồm học sinh là người dân tộc thiểu số rất ít người; học sinh là người dân tộc thiểu số ở vùng có điều kiện kinh tế - xã hội đặc biệt khó khăn chưa có hoặc có rất ít cán bộ, công chức, viên chức là người dân tộc thiểu số.",f1594d18,Luật Giáo Dục
Cơ sở giáo dục có trách nhiệm gì trong hoạt động khoa học và công nghệ theo Luật Giáo Dục?,"Theo Luật Giáo Dục, hoạt động khoa học và công nghệ là một nhiệm vụ của cơ sở giáo dục. Cơ sở giáo dục có thể tự triển khai hoặc phối hợp với tổ chức khoa học và công nghệ, cơ sở sản xuất, kinh doanh, dịch vụ trong việc đào tạo, nghiên cứu khoa học và chuyển giao công nghệ, phục vụ phát triển kinh tế - xã hội.",3f0e7c5a,Luật Giáo Dục
Cha mẹ có những nghĩa vụ và quyền gì trong việc giáo dục con theo Luật Hôn Nhân và Gia Đình?,"Cha mẹ có nghĩa vụ và quyền giáo dục con, chăm lo và tạo điều kiện cho con học tập. Họ cần tạo điều kiện cho con được sống trong môi trường gia đình đầm ấm, hòa thuận; làm gương tốt cho con về mọi mặt; phối hợp chặt chẽ với nhà trường, cơ quan, tổ chức trong việc giáo dục con. Ngoài ra, cha mẹ còn hướng dẫn con chọn nghề và tôn trọng quyền chọn nghề, quyền tham gia hoạt động chính trị, kinh tế, văn hóa, xã hội của con.",39207ac4,Luật Hôn Nhân Và Gia Đình
Xe thô sơ cần đáp ứng những điều kiện gì khi tham gia giao thông?,"Khi tham gia giao thông, xe thô sơ phải bảo đảm điều kiện an toàn giao thông đường bộ. Ủy ban nhân dân cấp tỉnh sẽ quy định cụ thể điều kiện và phạm vi hoạt động của xe thô sơ tại địa phương mình.",9d610d76,Luật Giao Thông Đường Bộ
Tài sản chung của vợ chồng bao gồm những gì theo Luật Hôn Nhân và Gia Đình?,"Tài sản chung của vợ chồng bao gồm tài sản do vợ, chồng tạo ra, thu nhập từ lao động, hoạt động sản xuất, kinh doanh, hoa lợi, lợi tức phát sinh từ tài sản riêng và thu nhập hợp pháp khác trong thời kỳ hôn nhân. Ngoài ra, tài sản mà vợ chồng được thừa kế chung, được tặng cho chung, và tài sản khác mà vợ chồng thỏa thuận là tài sản chung cũng thuộc tài sản chung. Quyền sử dụng đất mà vợ, chồng có được sau khi kết hôn cũng là tài sản chung, trừ trường hợp được thừa kế riêng, được tặng cho riêng hoặc có được thông qua giao dịch bằng tài sản riêng.",88ef4181,Luật Hôn Nhân Và Gia Đình
"Cha dượng, mẹ kế có quyền và nghĩa vụ gì đối với con riêng của vợ hoặc chồng mình?","Cha dượng, mẹ kế có quyền và nghĩa vụ trông nom, nuôi dưỡng, chăm sóc, giáo dục con riêng của bên kia cùng sống chung với mình theo quy định tại các điều 69, 71 và 72 của Luật Hôn Nhân Và Gia Đình.",f523c4e4,Luật Hôn Nhân Và Gia Đình
Hệ thống giáo dục quốc dân Việt Nam bao gồm những cấp học và trình độ đào tạo nào?,"Hệ thống giáo dục quốc dân bao gồm các cấp học và trình độ đào tạo sau: giáo dục mầm non (gồm giáo dục nhà trẻ và giáo dục mẫu giáo), giáo dục phổ thông (gồm giáo dục tiểu học, giáo dục trung học cơ sở và giáo dục trung học phổ thông), giáo dục nghề nghiệp (đào tạo trình độ sơ cấp, trung cấp, cao đẳng và các chương trình đào tạo nghề nghiệp khác), và giáo dục đại học (đào tạo trình độ đại học, thạc sĩ và tiến sĩ).",f01c46b4,Luật Giáo Dục
Trong trường hợp nào chồng không có quyền yêu cầu ly hôn?,"Chồng không có quyền yêu cầu ly hôn trong trường hợp vợ đang có thai, sinh con hoặc đang nuôi con dưới 12 tháng tuổi.",7ad757e4,Luật Hôn Nhân Và Gia Đình
Ai là cơ quan chịu trách nhiệm chính trong việc quản lý nhà nước về giao thông đường bộ?,Bộ Giao thông vận tải chịu trách nhiệm trước Chính phủ thực hiện quản lý nhà nước về giao thông đường bộ. Bộ Công an và Bộ Quốc phòng cũng thực hiện các nhiệm vụ quản lý nhà nước về giao thông đường bộ theo quy định của Luật này và các quy định khác của pháp luật có liên quan.,f7febb2b,Luật Giao Thông Đường Bộ
"Đoàn thể, tổ chức xã hội trong nhà trường có trách nhiệm gì theo Luật Giáo Dục?","Đoàn thể, tổ chức xã hội trong nhà trường có trách nhiệm góp phần thực hiện mục tiêu giáo dục và hoạt động theo quy định của pháp luật.",6dab4f3e,Luật Giáo Dục
Hướng nghiệp trong giáo dục là gì và nó có vai trò như thế nào đối với học sinh?,"Hướng nghiệp trong giáo dục là hệ thống các biện pháp tiến hành trong và ngoài cơ sở giáo dục để giúp học sinh có kiến thức về nghề nghiệp, khả năng lựa chọn nghề nghiệp trên cơ sở kết hợp nguyện vọng, sở trường của cá nhân với nhu cầu sử dụng lao động của xã hội.",a8c67f16,Luật Giáo Dục
Người kinh doanh vận tải hàng hóa có quyền gì khi người thuê vận tải không giao hàng theo thỏa thuận trong hợp đồng?,Người kinh doanh vận tải hàng hóa có quyền từ chối vận chuyển nếu người thuê vận tải không giao hàng hóa theo thỏa thuận trong hợp đồng.,e2799572,Luật Giao Thông Đường Bộ
Nhà nước có trách nhiệm gì trong việc quản lý và bảo trì kết cấu hạ tầng giao thông đường bộ?,"Nhà nước có trách nhiệm tổ chức quản lý, bảo trì, bảo vệ kết cấu hạ tầng giao thông đường bộ, bao gồm việc xây dựng quy hoạch, kế hoạch và chính sách phát triển giao thông đường bộ, cũng như thực hiện các chương trình quốc gia về an toàn giao thông đường bộ.",d2166e14,Luật Giao Thông Đường Bộ
Nhà nước có khuyến khích việc hòa giải khi vợ chồng có yêu cầu ly hôn không?,"Nhà nước và xã hội khuyến khích việc hòa giải ở cơ sở khi vợ, chồng có yêu cầu ly hôn. Việc hòa giải được thực hiện theo quy định của pháp luật về hòa giải ở cơ sở.",3f2a4a4d,Luật Hôn Nhân Và Gia Đình
Khi nào một xe ô tô được phép kéo theo một xe ô tô hoặc xe máy chuyên dùng khác?,"Một xe ô tô chỉ được kéo theo một xe ô tô hoặc xe máy chuyên dùng khác khi xe này không tự chạy được và phải bảo đảm các quy định sau: xe được kéo phải có người điều khiển và hệ thống lái của xe đó phải còn hiệu lực; việc nối xe kéo với xe được kéo phải bảo đảm chắc chắn, an toàn; phía trước của xe kéo và phía sau của xe được kéo phải có biển báo hiệu.",d638a752,Luật Giao Thông Đường Bộ
Luật Hôn Nhân Và Gia Đình điều chỉnh những vấn đề gì?,"Luật này quy định chế độ hôn nhân và gia đình; chuẩn mực pháp lý cho cách ứng xử giữa các thành viên gia đình; trách nhiệm của cá nhân, tổ chức, Nhà nước và xã hội trong việc xây dựng, củng cố chế độ hôn nhân và gia đình.",424554a8,Luật Hôn Nhân Và Gia Đình
Điều kiện để một cặp vợ chồng được nhờ người mang thai hộ vì mục đích nhân đạo là gì?,"Vợ chồng có quyền nhờ người mang thai hộ khi có đủ các điều kiện sau: 1) Có xác nhận của tổ chức y tế có thẩm quyền về việc người vợ không thể mang thai và sinh con ngay cả khi áp dụng kỹ thuật hỗ trợ sinh sản; 2) Vợ chồng đang không có con chung; 3) Đã được tư vấn về y tế, pháp lý, tâm lý.",04868edf,Luật Hôn Nhân Và Gia Đình
Cha mẹ có quyền tự mình thực hiện giao dịch tài sản của con chưa thành niên không?,"Cha hoặc mẹ có quyền tự mình thực hiện giao dịch nhằm đáp ứng nhu cầu thiết yếu của con chưa thành niên, con đã thành niên mất năng lực hành vi dân sự hoặc không có khả năng lao động và không có tài sản để tự nuôi mình. Tuy nhiên, đối với giao dịch liên quan đến tài sản là bất động sản, động sản có đăng ký quyền sở hữu, quyền sử dụng, tài sản đưa vào kinh doanh của con chưa thành niên, con đã thành niên mất năng lực hành vi dân sự thì phải có sự thỏa thuận của cha mẹ.",dc292a9c,Luật Hôn Nhân Và Gia Đình
"Vợ chồng có nghĩa vụ gì đối với quyền tự do tín ngưỡng, tôn giáo của nhau theo Luật Hôn Nhân và Gia Đình?","Vợ, chồng có nghĩa vụ tôn trọng quyền tự do tín ngưỡng, tôn giáo của nhau.",c8a7e8e1,Luật Hôn Nhân Và Gia Đình
Tài sản nào được coi là tài sản riêng của vợ hoặc chồng theo Luật Hôn Nhân Và Gia Đình?,"Tài sản riêng của vợ, chồng gồm tài sản mà mỗi người có trước khi kết hôn; tài sản được thừa kế riêng, được tặng cho riêng trong thời kỳ hôn nhân; tài sản được chia riêng cho vợ, chồng theo quy định tại các điều 38, 39 và 40 của Luật này; tài sản phục vụ nhu cầu thiết yếu của vợ, chồng và tài sản khác mà theo quy định của pháp luật thuộc sở hữu riêng của vợ, chồng.",48bc6ff9,Luật Hôn Nhân Và Gia Đình
